{"initial_reset_timestamp": 1740792598.2944574, "timestamps": [1740792607.3459122], "episode_lengths": [2004], "episode_rewards": [21.0], "episode_types": ["t", "t"]}